timestamp,rainfall_mm,soil_moisture,river_discharge_m3s,groundwater_index,impervious_fraction
2055-06-01 00:00:00,0.065,0.55,120.0,0.4632,0.35
2055-06-01 01:00:00,0.727,0.5532,108.46,0.4902,0.35
2055-06-01 02:00:00,0.535,0.554,92.0,0.5102,0.35
2055-06-01 03:00:00,0.237,0.5538,86.29,0.4739,0.35
2055-06-01 04:00:00,0.229,0.5513,75.92,0.4798,0.35
2055-06-01 05:00:00,0.042,0.5497,64.4,0.4577,0.35
2055-06-01 06:00:00,0.116,0.547,61.24,0.4736,0.35
2055-06-01 07:00:00,0.044,0.5452,48.37,0.5313,0.35
2055-06-01 08:00:00,0.705,0.5428,49.91,0.4933,0.35
2055-06-01 09:00:00,0.265,0.5407,42.72,0.4705,0.35
2055-06-01 10:00:00,0.034,0.5423,45.48,0.465,0.35
2055-06-01 11:00:00,0.694,0.5466,40.31,0.4802,0.35
2055-06-01 12:00:00,0.026,0.5479,40.14,0.4848,0.35
2055-06-01 13:00:00,0.1,0.5498,37.45,0.4754,0.35
2055-06-01 14:00:00,0.731,0.554,40.0,0.4981,0.35
2055-06-01 15:00:00,0.379,0.5539,37.6,0.4684,0.35
2055-06-01 16:00:00,0.305,0.5521,30.0,0.4667,0.35
2055-06-01 17:00:00,0.812,0.5578,35.08,0.4983,0.35
2055-06-01 18:00:00,0.072,0.5569,31.23,0.4667,0.35
2055-06-01 19:00:00,0.135,0.5612,33.18,0.5084,0.35
2055-06-01 20:00:00,0.2,0.5601,34.5,0.4926,0.35
2055-06-01 21:00:00,0.728,0.567,30.0,0.4624,0.35
2055-06-01 22:00:00,0.054,0.5655,30.0,0.4998,0.35
2055-06-01 23:00:00,0.629,0.5704,32.5,0.4683,0.35
2055-06-02 00:00:00,0.011,0.5724,30.0,0.5176,0.35
2055-06-02 01:00:00,0.117,0.5695,32.91,0.4962,0.35
2055-06-02 02:00:00,0.102,0.5677,30.0,0.5366,0.35
2055-06-02 03:00:00,0.248,0.5656,33.76,0.5191,0.35
2055-06-02 04:00:00,0.224,0.563,33.49,0.4742,0.35
2055-06-02 05:00:00,1.585,0.5723,35.83,0.4632,0.35
2055-06-02 06:00:00,0.194,0.5716,30.49,0.4879,0.35
2055-06-02 07:00:00,0.399,0.5726,30.0,0.4795,0.35
2055-06-02 08:00:00,0.014,0.5723,34.19,0.5401,0.35
2055-06-02 09:00:00,0.578,0.5705,31.89,0.5019,0.35
2055-06-02 10:00:00,0.219,0.5729,32.44,0.5228,0.35
2055-06-02 11:00:00,0.187,0.5719,30.0,0.4975,0.35
2055-06-02 12:00:00,0.059,0.5718,30.0,0.4996,0.35
2055-06-02 13:00:00,1.133,0.5783,40.17,0.5083,0.35
2055-06-02 14:00:00,0.395,0.5819,44.35,0.5342,0.35
2055-06-02 15:00:00,0.125,0.581,40.71,0.5175,0.35
2055-06-02 16:00:00,0.013,0.5753,37.95,0.4851,0.35
2055-06-02 17:00:00,0.709,0.5782,31.72,0.5412,0.35
2055-06-02 18:00:00,0.384,0.5794,30.0,0.504,0.35
2055-06-02 19:00:00,0.213,0.5771,30.0,0.4987,0.35
2055-06-02 20:00:00,0.124,0.5766,32.41,0.4508,0.35
2055-06-02 21:00:00,0.517,0.5775,34.96,0.5209,0.35
2055-06-02 22:00:00,0.599,0.5769,30.0,0.5097,0.35
2055-06-02 23:00:00,0.209,0.578,33.38,0.5106,0.35
2055-06-03 00:00:00,0.328,0.5773,30.33,0.5,0.35
2055-06-03 01:00:00,1.325,0.583,30.0,0.5015,0.35
2055-06-03 02:00:00,1.78,0.5912,39.47,0.5129,0.35
2055-06-03 03:00:00,0.816,0.5971,46.34,0.5347,0.35
2055-06-03 04:00:00,0.264,0.5971,43.95,0.5382,0.35
2055-06-03 05:00:00,0.048,0.596,43.93,0.5199,0.35
2055-06-03 06:00:00,0.7,0.5979,45.89,0.5451,0.35
2055-06-03 07:00:00,0.014,0.5974,49.71,0.5241,0.35
2055-06-03 08:00:00,0.151,0.5995,49.48,0.5175,0.35
2055-06-03 09:00:00,0.016,0.5994,36.61,0.5314,0.35
2055-06-03 10:00:00,0.443,0.6019,46.11,0.5025,0.35
2055-06-03 11:00:00,0.176,0.6027,48.34,0.535,0.35
2055-06-03 12:00:00,0.318,0.6003,41.24,0.4974,0.35
2055-06-03 13:00:00,0.237,0.5985,31.53,0.5061,0.35
2055-06-03 14:00:00,0.333,0.5986,32.24,0.4864,0.35
2055-06-03 15:00:00,0.05,0.5959,30.0,0.5209,0.35
2055-06-03 16:00:00,0.041,0.5925,30.0,0.5536,0.35
2055-06-03 17:00:00,0.466,0.5901,32.63,0.5169,0.35
2055-06-03 18:00:00,0.222,0.5872,30.0,0.5296,0.35
2055-06-03 19:00:00,0.228,0.5866,30.0,0.5632,0.35
2055-06-03 20:00:00,0.029,0.5851,30.0,0.523,0.35
2055-06-03 21:00:00,0.37,0.5843,30.0,0.4988,0.35
2055-06-03 22:00:00,0.327,0.5849,30.0,0.5021,0.35
2055-06-03 23:00:00,0.01,0.5826,30.0,0.5127,0.35
2055-06-04 00:00:00,0.04,0.5835,30.0,0.5008,0.35
2055-06-04 01:00:00,0.308,0.5835,32.06,0.5023,0.35
2055-06-04 02:00:00,0.029,0.5836,32.56,0.5333,0.35
2055-06-04 03:00:00,0.119,0.5832,30.0,0.5337,0.35
2055-06-04 04:00:00,0.055,0.5792,30.0,0.4768,0.35
2055-06-04 05:00:00,0.27,0.5792,30.0,0.4933,0.35
2055-06-04 06:00:00,0.283,0.5769,31.07,0.4984,0.35
2055-06-04 07:00:00,0.344,0.5772,31.26,0.52,0.35
2055-06-04 08:00:00,0.538,0.5775,30.0,0.531,0.35
2055-06-04 09:00:00,0.193,0.5779,30.0,0.5626,0.35
2055-06-04 10:00:00,0.016,0.5738,36.06,0.4956,0.35
2055-06-04 11:00:00,0.782,0.577,35.63,0.4995,0.35
2055-06-04 12:00:00,0.342,0.5787,30.0,0.5211,0.35
2055-06-04 13:00:00,0.191,0.5802,30.0,0.4969,0.35
2055-06-04 14:00:00,0.341,0.5792,40.12,0.5069,0.35
2055-06-04 15:00:00,0.101,0.5784,30.0,0.5006,0.35
2055-06-04 16:00:00,0.171,0.5782,30.0,0.4564,0.35
2055-06-04 17:00:00,0.48,0.5827,30.0,0.5153,0.35
2055-06-04 18:00:00,0.402,0.5807,30.0,0.5073,0.35
2055-06-04 19:00:00,1.132,0.5841,31.0,0.5395,0.35
2055-06-04 20:00:00,0.138,0.5891,35.08,0.5185,0.35
2055-06-04 21:00:00,0.34,0.5891,32.93,0.4933,0.35
2055-06-04 22:00:00,0.275,0.5854,37.99,0.51,0.35
2055-06-04 23:00:00,0.02,0.5829,33.53,0.4711,0.35
2055-06-05 00:00:00,0.116,0.5766,30.0,0.4831,0.35
2055-06-05 01:00:00,1.191,0.5827,30.0,0.5255,0.35
2055-06-05 02:00:00,0.204,0.584,30.0,0.509,0.35
2055-06-05 03:00:00,0.043,0.581,30.0,0.5297,0.35
2055-06-05 04:00:00,0.255,0.58,39.96,0.4711,0.35
2055-06-05 05:00:00,0.538,0.5836,40.06,0.5087,0.35
2055-06-05 06:00:00,0.807,0.5835,42.19,0.5039,0.35
2055-06-05 07:00:00,0.418,0.5818,36.54,0.5311,0.35
2055-06-05 08:00:00,0.13,0.5807,31.75,0.5244,0.35
2055-06-05 09:00:00,0.45,0.5803,35.6,0.5236,0.35
2055-06-05 10:00:00,0.408,0.5807,45.12,0.5419,0.35
2055-06-05 11:00:00,1.024,0.5828,52.09,0.5055,0.35
2055-06-05 12:00:00,0.403,0.5842,52.72,0.5408,0.35
2055-06-05 13:00:00,0.271,0.584,48.34,0.493,0.35
2055-06-05 14:00:00,0.079,0.5841,44.96,0.4924,0.35
2055-06-05 15:00:00,0.305,0.5848,36.71,0.5297,0.35
2055-06-05 16:00:00,0.123,0.5845,30.0,0.4842,0.35
2055-06-05 17:00:00,0.055,0.5804,30.0,0.5222,0.35
2055-06-05 18:00:00,0.926,0.5854,30.0,0.5172,0.35
2055-06-05 19:00:00,0.183,0.5844,30.0,0.5357,0.35
2055-06-05 20:00:00,0.647,0.5864,30.0,0.5149,0.35
2055-06-05 21:00:00,0.602,0.5906,30.0,0.5209,0.35
2055-06-05 22:00:00,0.183,0.5888,30.0,0.5283,0.35
2055-06-05 23:00:00,0.159,0.5909,30.0,0.5068,0.35
2055-06-06 00:00:00,83.032,0.99,232.36,0.8571,0.35
2055-06-06 01:00:00,52.344,0.99,338.06,0.8807,0.35
2055-06-06 02:00:00,78.209,0.99,496.08,0.8706,0.35
2055-06-06 03:00:00,65.223,0.99,615.09,0.8631,0.35
2055-06-06 04:00:00,74.868,0.99,729.33,0.8695,0.35
2055-06-06 05:00:00,59.39,0.99,792.96,0.9031,0.35
2055-06-06 06:00:00,76.596,0.99,905.17,0.8623,0.35
2055-06-06 07:00:00,95.035,0.99,1052.82,0.8618,0.35
2055-06-06 08:00:00,113.68,0.99,1234.16,0.8371,0.35
2055-06-06 09:00:00,134.839,0.99,1444.61,0.8704,0.35
2055-06-06 10:00:00,51.627,0.99,1423.71,0.8843,0.35
2055-06-06 11:00:00,77.689,0.99,1475.51,0.8879,0.35
2055-06-06 12:00:00,126.324,0.99,1641.12,0.8734,0.35
2055-06-06 13:00:00,89.935,0.99,1711.16,0.8903,0.35
2055-06-06 14:00:00,50.471,0.99,1664.27,0.8858,0.35
2055-06-06 15:00:00,79.273,0.99,1695.71,0.8935,0.35
2055-06-06 16:00:00,89.953,0.99,1765.87,0.8909,0.35
2055-06-06 17:00:00,81.242,0.99,1791.22,0.9026,0.35
2055-06-06 18:00:00,107.688,0.99,1884.66,0.8678,0.35
2055-06-06 19:00:00,110.032,0.99,1975.15,0.8447,0.35
2055-06-06 20:00:00,74.632,0.99,1968.6,0.8845,0.35
2055-06-06 21:00:00,97.975,0.99,2018.42,0.8868,0.35
2055-06-06 22:00:00,65.867,0.99,1982.41,0.9026,0.35
2055-06-06 23:00:00,81.735,0.99,1989.1,0.8968,0.35
2055-06-07 00:00:00,71.79,0.99,1966.21,0.9101,0.35
2055-06-07 01:00:00,68.598,0.99,1943.04,0.8836,0.35
2055-06-07 02:00:00,81.743,0.99,1965.26,0.8758,0.35
2055-06-07 03:00:00,54.605,0.99,1912.52,0.8435,0.35
2055-06-07 04:00:00,104.792,0.99,1985.07,0.8774,0.35
2055-06-07 05:00:00,68.62,0.99,1963.24,0.8601,0.35
2055-06-07 06:00:00,103.31,0.99,2019.98,0.8754,0.35
2055-06-07 07:00:00,58.495,0.99,1962.66,0.8723,0.35
2055-06-07 08:00:00,68.332,0.99,1942.91,0.8806,0.35
2055-06-07 09:00:00,54.896,0.99,1894.78,0.8693,0.35
2055-06-07 10:00:00,54.139,0.99,1836.03,0.8899,0.35
2055-06-07 11:00:00,60.924,0.99,1801.83,0.8167,0.35
2055-06-07 12:00:00,58.773,0.99,1781.67,0.875,0.35
2055-06-07 13:00:00,55.591,0.99,1743.06,0.8952,0.35
2055-06-07 14:00:00,78.7,0.99,1776.44,0.9086,0.35
2055-06-07 15:00:00,94.129,0.99,1835.36,0.8858,0.35
2055-06-07 16:00:00,95.684,0.99,1892.51,0.9049,0.35
2055-06-07 17:00:00,43.755,0.99,1810.81,0.8746,0.35
2055-06-07 18:00:00,71.633,0.99,1814.47,0.8713,0.35
2055-06-07 19:00:00,69.641,0.99,1815.27,0.8818,0.35
2055-06-07 20:00:00,118.093,0.99,1922.77,0.8711,0.35
2055-06-07 21:00:00,72.503,0.99,1909.63,0.8556,0.35
2055-06-07 22:00:00,77.223,0.99,1917.22,0.8609,0.35
2055-06-07 23:00:00,48.572,0.99,1846.15,0.849,0.35
2055-06-08 00:00:00,0.443,0.99,1659.68,0.8818,0.35
2055-06-08 01:00:00,0.449,0.99,1500.9,0.8714,0.35
2055-06-08 02:00:00,0.07,0.9892,1357.6,0.8633,0.35
2055-06-08 03:00:00,0.889,0.987,1221.37,0.8572,0.35
2055-06-08 04:00:00,0.122,0.9854,1100.81,0.8773,0.35
2055-06-08 05:00:00,1.283,0.99,986.69,0.8868,0.35
2055-06-08 06:00:00,0.037,0.9897,882.74,0.8483,0.35
2055-06-08 07:00:00,0.006,0.99,795.22,0.8454,0.35
2055-06-08 08:00:00,0.076,0.9885,716.08,0.889,0.35
2055-06-08 09:00:00,0.241,0.9882,639.27,0.8421,0.35
2055-06-08 10:00:00,0.297,0.9858,571.79,0.8784,0.35
2055-06-08 11:00:00,0.415,0.9864,509.26,0.9003,0.35
2055-06-08 12:00:00,0.353,0.9844,461.95,0.8987,0.35
2055-06-08 13:00:00,0.151,0.9802,404.32,0.8773,0.35
2055-06-08 14:00:00,0.49,0.9794,359.05,0.8761,0.35
2055-06-08 15:00:00,0.027,0.9811,312.03,0.9084,0.35
2055-06-08 16:00:00,0.013,0.9791,283.38,0.815,0.35
2055-06-08 17:00:00,0.054,0.9784,244.36,0.8517,0.35
2055-06-08 18:00:00,0.055,0.9762,220.25,0.876,0.35
2055-06-08 19:00:00,0.194,0.9723,208.55,0.8489,0.35
2055-06-08 20:00:00,0.366,0.9749,198.65,0.8827,0.35
2055-06-08 21:00:00,1.514,0.9781,171.73,0.8599,0.35
2055-06-08 22:00:00,0.103,0.9761,156.61,0.8616,0.35
2055-06-08 23:00:00,0.36,0.9767,135.91,0.854,0.35
2055-06-09 00:00:00,0.062,0.976,115.32,0.8484,0.35
2055-06-09 01:00:00,0.021,0.9732,103.16,0.8454,0.35
2055-06-09 02:00:00,0.012,0.9681,100.24,0.8573,0.35
2055-06-09 03:00:00,0.517,0.9681,95.11,0.8364,0.35
2055-06-09 04:00:00,1.573,0.9745,85.24,0.8766,0.35
2055-06-09 05:00:00,1.08,0.9779,83.64,0.8736,0.35
2055-06-09 06:00:00,0.228,0.9797,62.39,0.8842,0.35
2055-06-09 07:00:00,0.018,0.9759,51.68,0.8362,0.35
2055-06-09 08:00:00,0.073,0.9755,41.75,0.8244,0.35
2055-06-09 09:00:00,0.635,0.9781,39.63,0.8606,0.35
2055-06-09 10:00:00,0.099,0.9791,34.7,0.9196,0.35
2055-06-09 11:00:00,0.35,0.9794,31.26,0.8872,0.35
2055-06-09 12:00:00,0.144,0.9804,30.0,0.8517,0.35
2055-06-09 13:00:00,0.285,0.9803,30.0,0.8711,0.35
2055-06-09 14:00:00,0.651,0.9835,31.87,0.8801,0.35
2055-06-09 15:00:00,0.232,0.9804,30.16,0.8354,0.35
2055-06-09 16:00:00,1.954,0.9854,30.32,0.8945,0.35
2055-06-09 17:00:00,0.184,0.9857,30.16,0.8641,0.35
2055-06-09 18:00:00,0.178,0.9862,32.55,0.866,0.35
2055-06-09 19:00:00,0.267,0.9872,30.0,0.8692,0.35
2055-06-09 20:00:00,0.024,0.9848,30.0,0.8895,0.35
2055-06-09 21:00:00,0.653,0.99,35.6,0.8561,0.35
2055-06-09 22:00:00,0.191,0.9887,30.0,0.8359,0.35
2055-06-09 23:00:00,0.477,0.99,39.02,0.8777,0.35
2055-06-10 00:00:00,0.307,0.99,30.0,0.8303,0.35
2055-06-10 01:00:00,0.352,0.99,30.0,0.8652,0.35
2055-06-10 02:00:00,0.394,0.99,30.0,0.8949,0.35
2055-06-10 03:00:00,0.115,0.9879,40.42,0.8809,0.35
2055-06-10 04:00:00,0.64,0.9872,34.95,0.8896,0.35
2055-06-10 05:00:00,0.0,0.9888,30.0,0.8826,0.35
2055-06-10 06:00:00,0.03,0.9884,30.0,0.918,0.35
2055-06-10 07:00:00,0.532,0.99,30.0,0.8594,0.35
2055-06-10 08:00:00,1.092,0.99,30.0,0.8792,0.35
2055-06-10 09:00:00,0.115,0.9898,30.0,0.8623,0.35
2055-06-10 10:00:00,0.062,0.9861,30.0,0.8869,0.35
2055-06-10 11:00:00,0.265,0.9858,30.0,0.8663,0.35
2055-06-10 12:00:00,0.058,0.9827,30.0,0.8992,0.35
2055-06-10 13:00:00,0.01,0.9805,33.26,0.8522,0.35
2055-06-10 14:00:00,0.27,0.9798,38.46,0.8904,0.35
2055-06-10 15:00:00,0.043,0.9774,33.6,0.8719,0.35
2055-06-10 16:00:00,0.374,0.9753,36.07,0.8576,0.35
2055-06-10 17:00:00,0.182,0.9781,30.0,0.8716,0.35
2055-06-10 18:00:00,1.058,0.9836,34.25,0.8708,0.35
2055-06-10 19:00:00,0.33,0.9836,30.0,0.8727,0.35
2055-06-10 20:00:00,0.492,0.9866,30.0,0.864,0.35
2055-06-10 21:00:00,0.251,0.9875,30.0,0.855,0.35
2055-06-10 22:00:00,0.417,0.9891,36.44,0.8637,0.35
2055-06-10 23:00:00,0.663,0.99,35.54,0.8375,0.35
2055-06-11 00:00:00,0.27,0.99,41.64,0.888,0.35
2055-06-11 01:00:00,0.269,0.99,33.66,0.8465,0.35
2055-06-11 02:00:00,0.07,0.99,36.76,0.8668,0.35
2055-06-11 03:00:00,0.01,0.9889,30.0,0.8832,0.35
2055-06-11 04:00:00,0.129,0.9877,30.0,0.886,0.35
2055-06-11 05:00:00,0.293,0.99,30.0,0.8357,0.35
2055-06-11 06:00:00,0.582,0.99,32.42,0.8694,0.35
2055-06-11 07:00:00,0.269,0.99,31.36,0.8804,0.35
2055-06-11 08:00:00,1.116,0.99,30.0,0.8722,0.35
2055-06-11 09:00:00,0.391,0.9896,33.26,0.8978,0.35
2055-06-11 10:00:00,0.706,0.99,42.09,0.8548,0.35
2055-06-11 11:00:00,2.257,0.99,40.02,0.8302,0.35
2055-06-11 12:00:00,0.94,0.99,30.0,0.8874,0.35
2055-06-11 13:00:00,1.195,0.99,32.98,0.8605,0.35
2055-06-11 14:00:00,0.213,0.9885,30.0,0.8347,0.35
2055-06-11 15:00:00,0.07,0.9879,30.0,0.8662,0.35
2055-06-11 16:00:00,0.173,0.99,30.77,0.8958,0.35
2055-06-11 17:00:00,0.034,0.9898,30.0,0.8458,0.35
2055-06-11 18:00:00,0.049,0.9834,30.0,0.9121,0.35
2055-06-11 19:00:00,0.009,0.9832,30.0,0.8485,0.35
2055-06-11 20:00:00,0.001,0.9806,35.82,0.8647,0.35
2055-06-11 21:00:00,0.927,0.9856,34.73,0.8429,0.35
2055-06-11 22:00:00,1.394,0.99,30.0,0.872,0.35
2055-06-11 23:00:00,0.448,0.99,30.0,0.8685,0.35
2055-06-12 00:00:00,60.335,0.99,178.67,0.8414,0.35
2055-06-12 01:00:00,47.721,0.99,273.33,0.9277,0.35
2055-06-12 02:00:00,81.7,0.99,440.87,0.8613,0.35
2055-06-12 03:00:00,119.156,0.99,698.49,0.8613,0.35
2055-06-12 04:00:00,61.257,0.99,785.89,0.8906,0.35
2055-06-12 05:00:00,72.752,0.99,886.97,0.9075,0.35
2055-06-12 06:00:00,58.569,0.99,946.46,0.8937,0.35
2055-06-12 07:00:00,64.695,0.99,1014.68,0.8472,0.35
2055-06-12 08:00:00,81.352,0.99,1120.21,0.8755,0.35
2055-06-12 09:00:00,136.931,0.99,1354.14,0.8336,0.35
2055-06-12 10:00:00,117.498,0.99,1496.84,0.8892,0.35
2055-06-12 11:00:00,128.541,0.99,1667.06,0.8385,0.35
2055-06-12 12:00:00,103.573,0.99,1762.4,0.8551,0.35
2055-06-12 13:00:00,73.364,0.99,1767.11,0.8711,0.35
2055-06-12 14:00:00,69.503,0.99,1764.37,0.8801,0.35
2055-06-12 15:00:00,60.933,0.99,1744.77,0.866,0.35
2055-06-12 16:00:00,32.465,0.99,1651.94,0.9016,0.35
2055-06-12 17:00:00,72.149,0.99,1676.17,0.8857,0.35
2055-06-12 18:00:00,119.575,0.99,1814.25,0.8841,0.35
2055-06-12 19:00:00,119.667,0.99,1931.28,0.8466,0.35
2055-06-12 20:00:00,154.787,0.99,2123.93,0.9052,0.35
2055-06-12 21:00:00,83.514,0.99,2103.22,0.8551,0.35
2055-06-12 22:00:00,51.94,0.99,2020.79,0.906,0.35
2055-06-12 23:00:00,92.633,0.99,2042.18,0.9116,0.35
2055-06-13 00:00:00,137.547,0.99,2183.15,0.8815,0.35
2055-06-13 01:00:00,124.74,0.99,2277.61,0.8918,0.35
2055-06-13 02:00:00,66.922,0.99,2221.32,0.8095,0.35
2055-06-13 03:00:00,53.496,0.99,2141.31,0.8673,0.35
2055-06-13 04:00:00,52.913,0.99,2059.3,0.8932,0.35
2055-06-13 05:00:00,62.189,0.99,2022.53,0.8897,0.35
2055-06-13 06:00:00,65.174,0.99,1984.6,0.8468,0.35
2055-06-13 07:00:00,70.756,0.99,1955.17,0.8653,0.35
2055-06-13 08:00:00,95.997,0.99,1996.27,0.8205,0.35
2055-06-13 09:00:00,69.975,0.99,1969.35,0.8795,0.35
2055-06-13 10:00:00,80.063,0.99,1976.12,0.8335,0.35
2055-06-13 11:00:00,46.72,0.99,1889.63,0.8938,0.35
2055-06-13 12:00:00,60.94,0.99,1851.23,0.8949,0.35
2055-06-13 13:00:00,60.025,0.99,1815.2,0.8617,0.35
2055-06-13 14:00:00,44.293,0.99,1741.72,0.8816,0.35
2055-06-13 15:00:00,69.402,0.99,1745.93,0.8669,0.35
2055-06-13 16:00:00,46.599,0.99,1691.68,0.876,0.35
2055-06-13 17:00:00,68.487,0.99,1700.73,0.8483,0.35
2055-06-13 18:00:00,81.401,0.99,1732.17,0.8836,0.35
2055-06-13 19:00:00,120.291,0.99,1866.9,0.8384,0.35
2055-06-13 20:00:00,58.956,0.99,1819.41,0.8346,0.35
2055-06-13 21:00:00,81.804,0.99,1833.65,0.8688,0.35
2055-06-13 22:00:00,63.341,0.99,1801.36,0.867,0.35
2055-06-13 23:00:00,45.972,0.99,1736.21,0.8766,0.35
2055-06-14 00:00:00,0.406,0.9893,1570.82,0.8576,0.35
2055-06-14 01:00:00,0.311,0.9896,1410.9,0.9086,0.35
2055-06-14 02:00:00,0.188,0.9899,1267.42,0.8743,0.35
2055-06-14 03:00:00,0.737,0.9894,1141.22,0.8754,0.35
2055-06-14 04:00:00,0.82,0.99,1032.59,0.8751,0.35
2055-06-14 05:00:00,0.197,0.9891,926.96,0.8904,0.35
2055-06-14 06:00:00,0.272,0.99,831.74,0.8827,0.35
2055-06-14 07:00:00,0.275,0.9865,741.18,0.8769,0.35
2055-06-14 08:00:00,0.427,0.9868,664.7,0.8831,0.35
2055-06-14 09:00:00,0.084,0.9848,605.51,0.8301,0.35
2055-06-14 10:00:00,0.025,0.9854,545.56,0.8314,0.35
2055-06-14 11:00:00,0.207,0.985,487.08,0.8653,0.35
2055-06-14 12:00:00,0.042,0.9874,445.9,0.8649,0.35
2055-06-14 13:00:00,0.241,0.9886,398.4,0.8816,0.35
2055-06-14 14:00:00,0.602,0.9899,368.59,0.8715,0.35
2055-06-14 15:00:00,0.232,0.99,340.73,0.8828,0.35
2055-06-14 16:00:00,0.288,0.9895,307.71,0.8459,0.35
2055-06-14 17:00:00,0.341,0.99,268.8,0.871,0.35
2055-06-14 18:00:00,0.511,0.9889,256.93,0.8434,0.35
2055-06-14 19:00:00,0.318,0.9877,234.36,0.8769,0.35
2055-06-14 20:00:00,0.208,0.9883,209.5,0.8322,0.35
2055-06-14 21:00:00,0.2,0.99,194.79,0.8782,0.35
2055-06-14 22:00:00,0.078,0.9846,179.72,0.837,0.35
2055-06-14 23:00:00,0.205,0.987,170.12,0.8609,0.35
2055-06-15 00:00:00,0.533,0.9885,150.47,0.8877,0.35
2055-06-15 01:00:00,0.187,0.9843,137.8,0.8707,0.35
2055-06-15 02:00:00,0.163,0.9778,117.31,0.8275,0.35
2055-06-15 03:00:00,0.298,0.975,110.33,0.8446,0.35
2055-06-15 04:00:00,0.067,0.9739,99.32,0.827,0.35
2055-06-15 05:00:00,0.033,0.9725,91.16,0.8219,0.35
2055-06-15 06:00:00,0.468,0.975,82.34,0.8604,0.35
2055-06-15 07:00:00,0.123,0.9732,72.9,0.8676,0.35
2055-06-15 08:00:00,0.109,0.9701,60.68,0.8625,0.35
2055-06-15 09:00:00,0.742,0.9722,61.21,0.8676,0.35
2055-06-15 10:00:00,0.869,0.976,66.2,0.8587,0.35
2055-06-15 11:00:00,0.253,0.9765,56.87,0.8538,0.35
2055-06-15 12:00:00,0.357,0.9756,55.4,0.837,0.35
2055-06-15 13:00:00,1.216,0.9832,55.49,0.8564,0.35
2055-06-15 14:00:00,0.183,0.9815,50.45,0.8373,0.35
2055-06-15 15:00:00,0.711,0.9825,38.02,0.8477,0.35
2055-06-15 16:00:00,0.474,0.9828,30.0,0.8666,0.35
2055-06-15 17:00:00,1.078,0.9899,30.0,0.8688,0.35
2055-06-15 18:00:00,0.092,0.9887,30.0,0.9314,0.35
2055-06-15 19:00:00,0.588,0.9893,36.92,0.8437,0.35
2055-06-15 20:00:00,0.062,0.99,35.59,0.8687,0.35
2055-06-15 21:00:00,0.587,0.99,33.32,0.8427,0.35
2055-06-15 22:00:00,0.139,0.9898,30.0,0.8632,0.35
2055-06-15 23:00:00,0.021,0.99,30.0,0.8643,0.35
2055-06-16 00:00:00,0.631,0.99,30.0,0.8881,0.35
2055-06-16 01:00:00,0.019,0.9874,38.87,0.8599,0.35
2055-06-16 02:00:00,0.668,0.99,32.46,0.8673,0.35
2055-06-16 03:00:00,0.077,0.9864,34.59,0.8594,0.35
2055-06-16 04:00:00,0.298,0.9862,30.0,0.8399,0.35
2055-06-16 05:00:00,0.012,0.9836,30.0,0.8525,0.35
2055-06-16 06:00:00,0.028,0.9814,34.36,0.856,0.35
2055-06-16 07:00:00,0.105,0.979,30.0,0.863,0.35
2055-06-16 08:00:00,0.16,0.9779,30.0,0.8718,0.35
2055-06-16 09:00:00,0.069,0.9779,35.68,0.8559,0.35
2055-06-16 10:00:00,0.043,0.9764,32.49,0.8542,0.35
2055-06-16 11:00:00,0.055,0.9715,35.93,0.8205,0.35
2055-06-16 12:00:00,0.239,0.97,30.0,0.8644,0.35
2055-06-16 13:00:00,0.021,0.9656,35.49,0.8358,0.35
2055-06-16 14:00:00,0.863,0.9697,35.74,0.8683,0.35
2055-06-16 15:00:00,0.884,0.9745,36.99,0.8839,0.35
2055-06-16 16:00:00,0.024,0.9737,34.14,0.8531,0.35
2055-06-16 17:00:00,0.441,0.9733,30.0,0.836,0.35
2055-06-16 18:00:00,0.411,0.9747,30.0,0.8574,0.35
2055-06-16 19:00:00,0.289,0.974,30.0,0.8641,0.35
2055-06-16 20:00:00,0.102,0.9708,33.01,0.848,0.35
2055-06-16 21:00:00,0.29,0.9726,30.0,0.8446,0.35
2055-06-16 22:00:00,0.684,0.9768,30.0,0.8709,0.35
2055-06-16 23:00:00,0.123,0.9779,30.0,0.8705,0.35
2055-06-17 00:00:00,0.559,0.9786,30.0,0.8542,0.35
2055-06-17 01:00:00,0.222,0.9808,31.26,0.83,0.35
2055-06-17 02:00:00,0.792,0.983,30.0,0.8742,0.35
2055-06-17 03:00:00,0.341,0.9849,30.0,0.8514,0.35
2055-06-17 04:00:00,0.62,0.9861,30.0,0.872,0.35
2055-06-17 05:00:00,1.079,0.99,30.0,0.8742,0.35
2055-06-17 06:00:00,0.202,0.9849,30.14,0.8289,0.35
2055-06-17 07:00:00,0.402,0.9852,30.0,0.8686,0.35
2055-06-17 08:00:00,1.262,0.99,30.0,0.8815,0.35
2055-06-17 09:00:00,1.984,0.99,30.02,0.8839,0.35
2055-06-17 10:00:00,0.295,0.99,30.3,0.8735,0.35
2055-06-17 11:00:00,1.022,0.99,39.67,0.8317,0.35
2055-06-17 12:00:00,0.163,0.9884,46.23,0.8953,0.35
2055-06-17 13:00:00,0.183,0.9861,33.89,0.876,0.35
2055-06-17 14:00:00,0.988,0.9894,30.87,0.8466,0.35
2055-06-17 15:00:00,0.355,0.99,30.0,0.8554,0.35
2055-06-17 16:00:00,0.638,0.99,37.71,0.8758,0.35
2055-06-17 17:00:00,0.165,0.9881,40.43,0.8831,0.35
2055-06-17 18:00:00,0.585,0.9887,39.96,0.8603,0.35
2055-06-17 19:00:00,0.686,0.989,38.67,0.8868,0.35
2055-06-17 20:00:00,0.176,0.99,43.53,0.8353,0.35
2055-06-17 21:00:00,0.257,0.99,47.09,0.8504,0.35
2055-06-17 22:00:00,0.146,0.9892,49.69,0.8292,0.35
2055-06-17 23:00:00,0.78,0.9896,49.41,0.8529,0.35
2055-06-18 00:00:00,0.431,0.988,43.46,0.8996,0.35
2055-06-18 01:00:00,0.065,0.9873,43.88,0.9099,0.35
2055-06-18 02:00:00,1.115,0.99,47.17,0.8759,0.35
2055-06-18 03:00:00,0.38,0.9866,42.26,0.8555,0.35
2055-06-18 04:00:00,0.179,0.9856,36.38,0.8629,0.35
2055-06-18 05:00:00,0.354,0.9894,40.42,0.8802,0.35
2055-06-18 06:00:00,0.087,0.988,46.58,0.8382,0.35
2055-06-18 07:00:00,0.136,0.99,37.77,0.8598,0.35
2055-06-18 08:00:00,0.7,0.99,34.16,0.8999,0.35
2055-06-18 09:00:00,0.134,0.9871,33.18,0.8478,0.35
2055-06-18 10:00:00,1.406,0.99,36.3,0.8562,0.35
2055-06-18 11:00:00,0.097,0.9888,30.0,0.8704,0.35
2055-06-18 12:00:00,0.805,0.99,40.31,0.8769,0.35
2055-06-18 13:00:00,0.818,0.99,40.86,0.8587,0.35
2055-06-18 14:00:00,0.459,0.99,41.11,0.8727,0.35
2055-06-18 15:00:00,0.093,0.9871,47.78,0.8808,0.35
2055-06-18 16:00:00,0.17,0.9888,40.73,0.9094,0.35
2055-06-18 17:00:00,0.268,0.988,36.8,0.8669,0.35
2055-06-18 18:00:00,0.548,0.9897,30.0,0.8702,0.35
2055-06-18 19:00:00,1.445,0.99,30.0,0.9017,0.35
2055-06-18 20:00:00,0.414,0.9898,30.0,0.86,0.35
2055-06-18 21:00:00,0.435,0.99,32.58,0.8447,0.35
2055-06-18 22:00:00,0.562,0.9878,33.24,0.8743,0.35
2055-06-18 23:00:00,0.222,0.9885,30.0,0.8914,0.35
2055-06-19 00:00:00,0.093,0.9826,30.0,0.8719,0.35
2055-06-19 01:00:00,0.856,0.9858,33.71,0.8656,0.35
2055-06-19 02:00:00,1.514,0.99,30.0,0.8422,0.35
2055-06-19 03:00:00,0.628,0.99,30.0,0.87,0.35
2055-06-19 04:00:00,0.12,0.9866,31.5,0.8929,0.35
2055-06-19 05:00:00,0.376,0.985,30.0,0.8422,0.35
2055-06-19 06:00:00,0.429,0.9847,32.18,0.8617,0.35
2055-06-19 07:00:00,0.204,0.9848,30.0,0.8589,0.35
2055-06-19 08:00:00,0.412,0.9817,30.0,0.85,0.35
2055-06-19 09:00:00,1.326,0.9882,30.0,0.8746,0.35
2055-06-19 10:00:00,0.256,0.9888,36.23,0.879,0.35
2055-06-19 11:00:00,0.282,0.9885,30.0,0.8785,0.35
2055-06-19 12:00:00,0.435,0.99,30.0,0.8517,0.35
2055-06-19 13:00:00,0.265,0.99,30.0,0.8383,0.35
2055-06-19 14:00:00,0.699,0.99,30.0,0.8764,0.35
2055-06-19 15:00:00,0.204,0.9858,30.0,0.8574,0.35
2055-06-19 16:00:00,0.386,0.9869,31.12,0.9053,0.35
2055-06-19 17:00:00,0.589,0.9871,30.0,0.9063,0.35
2055-06-19 18:00:00,0.102,0.985,30.0,0.9066,0.35
2055-06-19 19:00:00,0.281,0.9862,30.0,0.849,0.35
2055-06-19 20:00:00,0.248,0.989,32.43,0.8817,0.35
2055-06-19 21:00:00,0.224,0.9887,37.52,0.8875,0.35
2055-06-19 22:00:00,0.191,0.9895,40.86,0.8859,0.35
2055-06-19 23:00:00,0.074,0.9856,36.04,0.8602,0.35
2055-06-20 00:00:00,121.151,0.99,320.75,0.8968,0.35
2055-06-20 01:00:00,82.38,0.99,496.98,0.8712,0.35
2055-06-20 02:00:00,91.476,0.99,684.79,0.8738,0.35
2055-06-20 03:00:00,127.271,0.99,941.89,0.8404,0.35
2055-06-20 04:00:00,67.814,0.99,1020.02,0.8841,0.35
2055-06-20 05:00:00,51.071,0.99,1038.56,0.866,0.35
2055-06-20 06:00:00,59.637,0.99,1080.64,0.8805,0.35
2055-06-20 07:00:00,49.593,0.99,1108.16,0.8759,0.35
2055-06-20 08:00:00,109.936,0.99,1263.69,0.8748,0.35
2055-06-20 09:00:00,139.228,0.99,1478.5,0.8703,0.35
2055-06-20 10:00:00,81.628,0.99,1540.38,0.8869,0.35
2055-06-20 11:00:00,97.704,0.99,1628.01,0.8672,0.35
2055-06-20 12:00:00,104.904,0.99,1720.38,0.8421,0.35
2055-06-20 13:00:00,130.067,0.99,1882.68,0.8826,0.35
2055-06-20 14:00:00,137.29,0.99,2040.4,0.855,0.35
2055-06-20 15:00:00,42.071,0.99,1939.25,0.8447,0.35
2055-06-20 16:00:00,64.009,0.99,1898.47,0.8508,0.35
2055-06-20 17:00:00,78.547,0.99,1917.27,0.8769,0.35
2055-06-20 18:00:00,62.069,0.99,1880.57,0.8693,0.35
2055-06-20 19:00:00,72.269,0.99,1881.57,0.8285,0.35
2055-06-20 20:00:00,88.95,0.99,1921.15,0.8635,0.35
2055-06-20 21:00:00,35.079,0.99,1813.61,0.8946,0.35
2055-06-20 22:00:00,88.035,0.99,1849.26,0.8622,0.35
2055-06-20 23:00:00,104.159,0.99,1933.41,0.8679,0.35
2055-06-21 00:00:00,79.031,0.99,1946.42,0.8921,0.35
2055-06-21 01:00:00,33.578,0.99,1824.46,0.8871,0.35
2055-06-21 02:00:00,69.727,0.99,1819.63,0.8916,0.35
2055-06-21 03:00:00,86.326,0.99,1852.76,0.8157,0.35
2055-06-21 04:00:00,106.396,0.99,1927.27,0.9059,0.35
2055-06-21 05:00:00,101.675,0.99,1990.3,0.8839,0.35
2055-06-21 06:00:00,75.23,0.99,1971.25,0.9204,0.35
2055-06-21 07:00:00,62.663,0.99,1927.98,0.8556,0.35
2055-06-21 08:00:00,76.776,0.99,1922.33,0.8359,0.35
2055-06-21 09:00:00,44.205,0.99,1837.61,0.8713,0.35
2055-06-21 10:00:00,64.933,0.99,1815.76,0.8657,0.35
2055-06-21 11:00:00,112.678,0.99,1909.78,0.8843,0.35
2055-06-21 12:00:00,76.806,0.99,1920.26,0.8927,0.35
2055-06-21 13:00:00,88.901,0.99,1953.44,0.8695,0.35
2055-06-21 14:00:00,48.914,0.99,1891.15,0.8664,0.35
2055-06-21 15:00:00,106.092,0.99,1966.31,0.8817,0.35
2055-06-21 16:00:00,73.967,0.99,1951.3,0.8661,0.35
2055-06-21 17:00:00,86.421,0.99,1982.77,0.8644,0.35
2055-06-21 18:00:00,92.192,0.99,2011.51,0.8919,0.35
2055-06-21 19:00:00,105.624,0.99,2073.35,0.8964,0.35
2055-06-21 20:00:00,83.284,0.99,2078.54,0.8929,0.35
2055-06-21 21:00:00,74.575,0.99,2049.7,0.8678,0.35
2055-06-21 22:00:00,53.896,0.99,1983.74,0.8284,0.35
2055-06-21 23:00:00,47.604,0.99,1907.87,0.8682,0.35
2055-06-22 00:00:00,0.008,0.9898,1724.72,0.8559,0.35
2055-06-22 01:00:00,1.095,0.99,1560.33,0.8686,0.35
2055-06-22 02:00:00,0.193,0.99,1412.58,0.8578,0.35
2055-06-22 03:00:00,0.728,0.99,1272.48,0.8708,0.35
2055-06-22 04:00:00,0.185,0.9896,1140.51,0.8501,0.35
2055-06-22 05:00:00,0.108,0.99,1039.39,0.8456,0.35
2055-06-22 06:00:00,0.338,0.99,927.14,0.8957,0.35
2055-06-22 07:00:00,0.067,0.99,826.04,0.8518,0.35
2055-06-22 08:00:00,0.591,0.9899,748.3,0.8711,0.35
2055-06-22 09:00:00,0.703,0.99,684.98,0.8903,0.35
2055-06-22 10:00:00,0.1,0.99,617.87,0.8895,0.35
2055-06-22 11:00:00,0.554,0.99,563.46,0.8871,0.35
2055-06-22 12:00:00,0.489,0.99,496.36,0.8773,0.35
2055-06-22 13:00:00,1.279,0.99,446.93,0.8857,0.35
2055-06-22 14:00:00,0.044,0.99,391.1,0.8987,0.35
2055-06-22 15:00:00,0.078,0.99,356.87,0.8797,0.35
2055-06-22 16:00:00,0.187,0.99,312.37,0.8345,0.35
2055-06-22 17:00:00,0.088,0.99,273.68,0.8606,0.35
2055-06-22 18:00:00,0.209,0.99,249.92,0.8851,0.35
2055-06-22 19:00:00,0.035,0.9863,231.39,0.8554,0.35
2055-06-22 20:00:00,0.607,0.9859,208.81,0.9,0.35
2055-06-22 21:00:00,0.483,0.9898,192.56,0.8697,0.35
2055-06-22 22:00:00,0.257,0.99,177.17,0.8729,0.35
2055-06-22 23:00:00,1.139,0.99,161.01,0.8937,0.35
2055-06-23 00:00:00,2.084,0.99,143.55,0.8675,0.35
2055-06-23 01:00:00,0.215,0.985,133.12,0.8703,0.35
2055-06-23 02:00:00,1.112,0.9898,126.27,0.889,0.35
2055-06-23 03:00:00,0.233,0.9882,119.59,0.8402,0.35
2055-06-23 04:00:00,0.676,0.99,111.19,0.8655,0.35
2055-06-23 05:00:00,0.714,0.99,94.85,0.8878,0.35
2055-06-23 06:00:00,0.175,0.99,89.94,0.8725,0.35
2055-06-23 07:00:00,0.436,0.99,82.03,0.9005,0.35
2055-06-23 08:00:00,0.196,0.9867,71.42,0.8368,0.35
2055-06-23 09:00:00,0.585,0.9899,63.97,0.8373,0.35
2055-06-23 10:00:00,0.211,0.99,53.96,0.8866,0.35
2055-06-23 11:00:00,0.065,0.99,54.06,0.8885,0.35
2055-06-23 12:00:00,0.719,0.99,41.94,0.8673,0.35
2055-06-23 13:00:00,0.588,0.9886,33.26,0.878,0.35
2055-06-23 14:00:00,0.691,0.99,30.0,0.8861,0.35
2055-06-23 15:00:00,0.524,0.99,37.99,0.8549,0.35
2055-06-23 16:00:00,0.695,0.99,42.26,0.8571,0.35
2055-06-23 17:00:00,0.097,0.9891,30.0,0.8742,0.35
2055-06-23 18:00:00,0.61,0.99,36.63,0.8893,0.35
2055-06-23 19:00:00,0.105,0.99,41.33,0.8479,0.35
2055-06-23 20:00:00,0.401,0.9887,31.15,0.8661,0.35
2055-06-23 21:00:00,0.417,0.9876,30.0,0.8642,0.35
2055-06-23 22:00:00,0.171,0.9851,30.0,0.8752,0.35
2055-06-23 23:00:00,0.428,0.9854,34.8,0.867,0.35
2055-06-24 00:00:00,0.607,0.9851,42.39,0.856,0.35
2055-06-24 01:00:00,0.31,0.9854,33.7,0.8921,0.35
2055-06-24 02:00:00,0.056,0.9839,40.98,0.855,0.35
2055-06-24 03:00:00,0.127,0.9816,30.0,0.858,0.35
2055-06-24 04:00:00,0.631,0.9856,30.0,0.8355,0.35
2055-06-24 05:00:00,0.261,0.9856,30.0,0.853,0.35
2055-06-24 06:00:00,0.202,0.9874,34.42,0.8792,0.35
2055-06-24 07:00:00,0.991,0.99,41.24,0.8776,0.35
2055-06-24 08:00:00,0.225,0.9898,43.41,0.883,0.35
2055-06-24 09:00:00,1.454,0.99,34.6,0.8822,0.35
2055-06-24 10:00:00,0.49,0.99,37.54,0.913,0.35
2055-06-24 11:00:00,0.862,0.99,38.99,0.8562,0.35
2055-06-24 12:00:00,0.239,0.9891,30.0,0.838,0.35
2055-06-24 13:00:00,0.734,0.99,30.0,0.8502,0.35
2055-06-24 14:00:00,0.137,0.9877,33.57,0.8551,0.35
2055-06-24 15:00:00,0.158,0.9887,30.0,0.8505,0.35
2055-06-24 16:00:00,0.548,0.9893,30.0,0.8724,0.35
2055-06-24 17:00:00,0.058,0.9898,30.0,0.8961,0.35
2055-06-24 18:00:00,0.191,0.9896,30.0,0.9016,0.35
2055-06-24 19:00:00,0.481,0.99,30.0,0.8813,0.35
2055-06-24 20:00:00,1.188,0.99,30.0,0.914,0.35
2055-06-24 21:00:00,0.117,0.9863,38.61,0.8608,0.35
2055-06-24 22:00:00,0.767,0.9881,42.69,0.8369,0.35
2055-06-24 23:00:00,0.304,0.9857,37.17,0.8885,0.35
2055-06-25 00:00:00,1.845,0.99,36.29,0.8344,0.35
2055-06-25 01:00:00,0.919,0.99,37.12,0.8561,0.35
2055-06-25 02:00:00,0.359,0.99,30.0,0.8816,0.35
2055-06-25 03:00:00,0.651,0.99,30.56,0.8692,0.35
2055-06-25 04:00:00,0.016,0.9878,30.0,0.8655,0.35
2055-06-25 05:00:00,0.825,0.99,30.0,0.8476,0.35
2055-06-25 06:00:00,0.151,0.99,30.0,0.871,0.35
2055-06-25 07:00:00,0.613,0.99,30.0,0.8913,0.35
2055-06-25 08:00:00,0.363,0.988,37.78,0.8699,0.35
2055-06-25 09:00:00,0.178,0.9892,34.8,0.8539,0.35
2055-06-25 10:00:00,1.093,0.99,35.3,0.8462,0.35
2055-06-25 11:00:00,0.009,0.99,30.0,0.855,0.35
2055-06-25 12:00:00,0.229,0.9888,30.0,0.878,0.35
2055-06-25 13:00:00,0.169,0.99,30.19,0.8781,0.35
2055-06-25 14:00:00,0.118,0.99,30.0,0.8552,0.35
2055-06-25 15:00:00,0.383,0.9898,30.0,0.8268,0.35
2055-06-25 16:00:00,0.383,0.9891,30.0,0.8788,0.35
2055-06-25 17:00:00,0.335,0.99,30.04,0.8532,0.35
2055-06-25 18:00:00,0.458,0.99,35.88,0.885,0.35
2055-06-25 19:00:00,0.136,0.9865,30.0,0.853,0.35
2055-06-25 20:00:00,1.3,0.99,30.0,0.8514,0.35
2055-06-25 21:00:00,0.027,0.9836,30.0,0.8686,0.35
2055-06-25 22:00:00,1.083,0.9898,30.0,0.9182,0.35
2055-06-25 23:00:00,0.03,0.9879,31.49,0.8844,0.35
2055-06-26 00:00:00,0.175,0.9872,30.0,0.8714,0.35
2055-06-26 01:00:00,0.275,0.9839,30.0,0.873,0.35
2055-06-26 02:00:00,0.091,0.9808,35.78,0.8281,0.35
2055-06-26 03:00:00,0.242,0.9798,32.85,0.8398,0.35
2055-06-26 04:00:00,0.217,0.9782,35.49,0.8106,0.35
2055-06-26 05:00:00,0.506,0.98,30.0,0.897,0.35
2055-06-26 06:00:00,0.197,0.9809,30.0,0.8937,0.35
2055-06-26 07:00:00,0.258,0.9854,36.27,0.875,0.35
2055-06-26 08:00:00,0.16,0.9849,33.65,0.8694,0.35
2055-06-26 09:00:00,1.808,0.99,35.42,0.8402,0.35
2055-06-26 10:00:00,0.104,0.9875,30.0,0.8646,0.35
2055-06-26 11:00:00,0.257,0.9842,30.0,0.9019,0.35
2055-06-26 12:00:00,0.397,0.9843,30.0,0.8688,0.35
2055-06-26 13:00:00,0.19,0.9808,34.6,0.8518,0.35
2055-06-26 14:00:00,0.01,0.9794,47.53,0.8267,0.35
2055-06-26 15:00:00,0.349,0.9784,46.55,0.8886,0.35
2055-06-26 16:00:00,0.254,0.9745,38.72,0.8562,0.35
2055-06-26 17:00:00,0.008,0.9765,30.0,0.8242,0.35
2055-06-26 18:00:00,0.343,0.976,30.0,0.8404,0.35
2055-06-26 19:00:00,0.125,0.972,36.64,0.8298,0.35
2055-06-26 20:00:00,0.53,0.9755,30.0,0.8558,0.35
2055-06-26 21:00:00,0.018,0.9726,30.0,0.86,0.35
2055-06-26 22:00:00,0.229,0.9747,31.5,0.8476,0.35
2055-06-26 23:00:00,0.131,0.9725,37.57,0.8713,0.35
2055-06-27 00:00:00,0.025,0.9701,32.68,0.8552,0.35
2055-06-27 01:00:00,0.867,0.9744,30.0,0.8788,0.35
2055-06-27 02:00:00,0.258,0.9757,30.0,0.8514,0.35
2055-06-27 03:00:00,0.184,0.9768,30.0,0.9205,0.35
2055-06-27 04:00:00,0.628,0.9789,30.0,0.8501,0.35
2055-06-27 05:00:00,0.244,0.9799,30.08,0.8443,0.35
2055-06-27 06:00:00,0.43,0.9825,30.0,0.8441,0.35
2055-06-27 07:00:00,0.255,0.9829,40.43,0.8608,0.35
2055-06-27 08:00:00,0.223,0.9825,39.58,0.8302,0.35
2055-06-27 09:00:00,0.442,0.9807,43.63,0.8689,0.35
2055-06-27 10:00:00,0.013,0.9805,32.87,0.8247,0.35
2055-06-27 11:00:00,0.249,0.9806,33.36,0.8662,0.35
2055-06-27 12:00:00,1.272,0.9859,30.0,0.8406,0.35
2055-06-27 13:00:00,0.057,0.9873,30.0,0.8612,0.35
2055-06-27 14:00:00,0.703,0.9872,32.89,0.8808,0.35
2055-06-27 15:00:00,0.109,0.9896,30.17,0.9169,0.35
2055-06-27 16:00:00,0.848,0.99,43.72,0.8496,0.35
2055-06-27 17:00:00,0.068,0.9895,48.09,0.8678,0.35
2055-06-27 18:00:00,0.195,0.9884,50.83,0.8553,0.35
2055-06-27 19:00:00,0.357,0.9857,51.22,0.85,0.35
2055-06-27 20:00:00,1.587,0.99,60.65,0.8569,0.35
2055-06-27 21:00:00,0.119,0.9899,46.26,0.8876,0.35
2055-06-27 22:00:00,0.576,0.99,51.29,0.8614,0.35
2055-06-27 23:00:00,0.187,0.9892,40.69,0.9155,0.35
2055-06-28 00:00:00,82.188,0.99,238.7,0.8795,0.35
2055-06-28 01:00:00,86.832,0.99,435.28,0.851,0.35
2055-06-28 02:00:00,90.937,0.99,626.49,0.8639,0.35
2055-06-28 03:00:00,59.376,0.99,705.36,0.8552,0.35
2055-06-28 04:00:00,64.767,0.99,793.67,0.8872,0.35
2055-06-28 05:00:00,81.209,0.99,917.91,0.8384,0.35
2055-06-28 06:00:00,67.617,0.99,994.04,0.8444,0.35
2055-06-28 07:00:00,158.067,0.99,1294.93,0.8594,0.35
2055-06-28 08:00:00,65.355,0.99,1349.44,0.8849,0.35
2055-06-28 09:00:00,88.524,0.99,1438.32,0.8959,0.35
2055-06-28 10:00:00,100.549,0.99,1541.45,0.8988,0.35
2055-06-28 11:00:00,102.539,0.99,1635.88,0.8818,0.35
2055-06-28 12:00:00,67.103,0.99,1638.09,0.8695,0.35
2055-06-28 13:00:00,92.472,0.99,1699.82,0.8871,0.35
2055-06-28 14:00:00,89.066,0.99,1755.31,0.8483,0.35
2055-06-28 15:00:00,94.356,0.99,1818.38,0.8343,0.35
2055-06-28 16:00:00,81.29,0.99,1836.99,0.8799,0.35
2055-06-28 17:00:00,100.558,0.99,1916.59,0.8511,0.35
2055-06-28 18:00:00,84.653,0.99,1932.15,0.8699,0.35
2055-06-28 19:00:00,50.697,0.99,1864.96,0.8736,0.35
2055-06-28 20:00:00,83.835,0.99,1891.89,0.8762,0.35
2055-06-28 21:00:00,86.211,0.99,1923.58,0.89,0.35
2055-06-28 22:00:00,99.108,0.99,1986.66,0.8878,0.35
2055-06-28 23:00:00,81.658,0.99,1994.71,0.8751,0.35
2055-06-29 00:00:00,131.621,0.99,2130.6,0.8624,0.35
2055-06-29 01:00:00,75.585,0.99,2102.51,0.8734,0.35
2055-06-29 02:00:00,65.812,0.99,2062.3,0.8593,0.35
2055-06-29 03:00:00,118.259,0.99,2157.14,0.8673,0.35
2055-06-29 04:00:00,75.605,0.99,2139.52,0.9236,0.35
2055-06-29 05:00:00,79.277,0.99,2113.75,0.8748,0.35
2055-06-29 06:00:00,86.199,0.99,2112.43,0.8802,0.35
2055-06-29 07:00:00,84.356,0.99,2117.02,0.8571,0.35
2055-06-29 08:00:00,93.892,0.99,2124.14,0.8916,0.35
2055-06-29 09:00:00,96.9,0.99,2156.93,0.8864,0.35
2055-06-29 10:00:00,63.978,0.99,2107.54,0.8865,0.35
2055-06-29 11:00:00,53.706,0.99,2027.59,0.8755,0.35
2055-06-29 12:00:00,55.7,0.99,1961.5,0.8919,0.35
2055-06-29 13:00:00,113.236,0.99,2042.0,0.8966,0.35
2055-06-29 14:00:00,72.758,0.99,2016.56,0.8769,0.35
2055-06-29 15:00:00,100.009,0.99,2061.97,0.8689,0.35
2055-06-29 16:00:00,97.565,0.99,2095.59,0.8891,0.35
2055-06-29 17:00:00,79.241,0.99,2079.71,0.8531,0.35
2055-06-29 18:00:00,59.297,0.99,2018.35,0.8568,0.35
2055-06-29 19:00:00,98.004,0.99,2059.83,0.8701,0.35
2055-06-29 20:00:00,79.29,0.99,2063.32,0.8364,0.35
2055-06-29 21:00:00,52.633,0.99,1986.2,0.8878,0.35
2055-06-29 22:00:00,67.571,0.99,1958.57,0.8519,0.35
2055-06-29 23:00:00,46.071,0.99,1874.43,0.8618,0.35
2055-06-30 00:00:00,0.55,0.99,1684.83,0.8669,0.35
2055-06-30 01:00:00,0.25,0.9866,1506.74,0.869,0.35
2055-06-30 02:00:00,1.772,0.99,1351.07,0.8643,0.35
2055-06-30 03:00:00,0.053,0.9854,1208.85,0.8658,0.35
2055-06-30 04:00:00,0.768,0.9888,1090.99,0.869,0.35
2055-06-30 05:00:00,0.082,0.9854,988.55,0.8582,0.35
2055-06-30 06:00:00,0.392,0.9845,879.96,0.8509,0.35
2055-06-30 07:00:00,0.151,0.9862,789.04,0.8895,0.35
2055-06-30 08:00:00,0.272,0.9875,702.62,0.8269,0.35
2055-06-30 09:00:00,0.057,0.9887,630.91,0.8659,0.35
2055-06-30 10:00:00,0.426,0.99,575.34,0.8618,0.35
2055-06-30 11:00:00,0.212,0.9882,515.66,0.878,0.35
2055-06-30 12:00:00,0.002,0.9897,463.81,0.8419,0.35
2055-06-30 13:00:00,0.133,0.9861,426.49,0.8578,0.35
2055-06-30 14:00:00,0.002,0.9861,386.59,0.8657,0.35
2055-06-30 15:00:00,0.069,0.984,343.55,0.8873,0.35
2055-06-30 16:00:00,0.693,0.9848,311.88,0.8733,0.35
2055-06-30 17:00:00,0.162,0.9855,276.13,0.8436,0.35
2055-06-30 18:00:00,0.53,0.9891,252.36,0.8607,0.35
2055-06-30 19:00:00,0.581,0.99,231.67,0.8889,0.35
2055-06-30 20:00:00,0.009,0.989,200.32,0.8463,0.35
2055-06-30 21:00:00,1.105,0.99,184.1,0.8696,0.35
2055-06-30 22:00:00,0.195,0.99,165.48,0.871,0.35
2055-06-30 23:00:00,0.627,0.99,153.76,0.8635,0.35
2055-07-01 00:00:00,0.193,0.99,143.86,0.9251,0.35
2055-07-01 01:00:00,0.171,0.9899,132.76,0.8629,0.35
2055-07-01 02:00:00,0.572,0.99,119.1,0.8802,0.35
2055-07-01 03:00:00,1.054,0.99,115.42,0.8559,0.35
2055-07-01 04:00:00,0.321,0.99,99.45,0.8818,0.35
2055-07-01 05:00:00,0.009,0.9858,81.6,0.8849,0.35
2055-07-01 06:00:00,0.272,0.9865,54.95,0.8563,0.35
2055-07-01 07:00:00,0.135,0.9891,49.37,0.8693,0.35
2055-07-01 08:00:00,0.308,0.9885,40.28,0.8519,0.35
2055-07-01 09:00:00,0.209,0.9885,39.16,0.847,0.35
2055-07-01 10:00:00,0.105,0.9891,30.0,0.8912,0.35
2055-07-01 11:00:00,0.019,0.9836,30.0,0.8545,0.35
2055-07-01 12:00:00,0.007,0.9811,30.0,0.8151,0.35
2055-07-01 13:00:00,0.483,0.9832,30.0,0.9005,0.35
2055-07-01 14:00:00,0.178,0.977,30.0,0.8437,0.35
2055-07-01 15:00:00,1.065,0.9799,30.0,0.8574,0.35
2055-07-01 16:00:00,1.288,0.9884,30.02,0.9026,0.35
2055-07-01 17:00:00,0.522,0.99,31.9,0.8684,0.35
2055-07-01 18:00:00,0.346,0.99,35.29,0.8679,0.35
2055-07-01 19:00:00,0.124,0.99,32.62,0.8466,0.35
2055-07-01 20:00:00,0.232,0.99,30.0,0.8385,0.35
2055-07-01 21:00:00,0.324,0.99,30.0,0.8679,0.35
2055-07-01 22:00:00,0.859,0.99,32.97,0.8785,0.35
2055-07-01 23:00:00,0.405,0.99,30.0,0.8773,0.35
2055-07-02 00:00:00,0.115,0.9879,30.0,0.8597,0.35
2055-07-02 01:00:00,0.2,0.99,30.0,0.8716,0.35
2055-07-02 02:00:00,1.305,0.99,30.0,0.8345,0.35
2055-07-02 03:00:00,0.099,0.99,30.0,0.8804,0.35
2055-07-02 04:00:00,0.551,0.99,30.0,0.8744,0.35
2055-07-02 05:00:00,0.068,0.987,30.29,0.908,0.35
2055-07-02 06:00:00,0.078,0.9885,33.24,0.87,0.35
2055-07-02 07:00:00,0.911,0.99,30.0,0.8523,0.35
2055-07-02 08:00:00,0.243,0.99,30.0,0.8702,0.35
2055-07-02 09:00:00,0.263,0.9888,34.16,0.8636,0.35
2055-07-02 10:00:00,0.159,0.9891,34.71,0.8791,0.35
2055-07-02 11:00:00,0.189,0.9866,30.0,0.8687,0.35
2055-07-02 12:00:00,0.234,0.9878,30.0,0.844,0.35
2055-07-02 13:00:00,0.101,0.9896,30.0,0.8381,0.35
2055-07-02 14:00:00,0.086,0.99,30.0,0.8765,0.35
2055-07-02 15:00:00,0.616,0.99,30.0,0.8989,0.35
2055-07-02 16:00:00,0.158,0.9867,30.0,0.8699,0.35
2055-07-02 17:00:00,0.249,0.9871,30.0,0.8849,0.35
2055-07-02 18:00:00,1.273,0.99,32.72,0.8915,0.35
2055-07-02 19:00:00,0.013,0.9868,32.3,0.8738,0.35
2055-07-02 20:00:00,0.124,0.986,30.59,0.8514,0.35
2055-07-02 21:00:00,0.291,0.989,30.0,0.8743,0.35
2055-07-02 22:00:00,0.819,0.99,39.12,0.8953,0.35
2055-07-02 23:00:00,0.624,0.99,33.02,0.8818,0.35
2055-07-03 00:00:00,0.859,0.99,39.56,0.8862,0.35
2055-07-03 01:00:00,0.13,0.9873,31.52,0.8596,0.35
2055-07-03 02:00:00,0.314,0.99,35.81,0.8672,0.35
2055-07-03 03:00:00,1.038,0.99,42.22,0.8688,0.35
2055-07-03 04:00:00,0.727,0.99,38.06,0.8702,0.35
2055-07-03 05:00:00,0.277,0.99,44.91,0.8946,0.35
2055-07-03 06:00:00,0.036,0.99,43.32,0.8243,0.35
2055-07-03 07:00:00,0.349,0.99,34.6,0.8718,0.35
2055-07-03 08:00:00,0.007,0.9895,30.0,0.8691,0.35
2055-07-03 09:00:00,0.666,0.99,35.46,0.8438,0.35
2055-07-03 10:00:00,1.076,0.99,40.14,0.8846,0.35
2055-07-03 11:00:00,0.547,0.99,31.15,0.8567,0.35
2055-07-03 12:00:00,0.127,0.99,30.0,0.8641,0.35
2055-07-03 13:00:00,0.264,0.99,30.0,0.9082,0.35
2055-07-03 14:00:00,0.29,0.9876,30.0,0.8893,0.35
2055-07-03 15:00:00,0.172,0.9859,41.58,0.8791,0.35
2055-07-03 16:00:00,0.822,0.9889,40.88,0.8779,0.35
2055-07-03 17:00:00,0.171,0.9874,36.84,0.8656,0.35
2055-07-03 18:00:00,0.774,0.99,42.24,0.9112,0.35
2055-07-03 19:00:00,0.317,0.99,36.62,0.8872,0.35
2055-07-03 20:00:00,0.054,0.99,39.14,0.8562,0.35
2055-07-03 21:00:00,0.868,0.99,30.0,0.8432,0.35
2055-07-03 22:00:00,0.276,0.9877,30.0,0.8805,0.35
2055-07-03 23:00:00,0.041,0.9892,33.4,0.8693,0.35
2055-07-04 00:00:00,0.868,0.99,41.65,0.8426,0.35
2055-07-04 01:00:00,0.598,0.9886,34.34,0.8786,0.35
2055-07-04 02:00:00,0.129,0.9893,30.0,0.8652,0.35
2055-07-04 03:00:00,0.218,0.99,30.95,0.8818,0.35
2055-07-04 04:00:00,1.0,0.9897,30.0,0.8797,0.35
2055-07-04 05:00:00,0.167,0.9875,30.0,0.8568,0.35
2055-07-04 06:00:00,0.341,0.9878,33.11,0.8819,0.35
2055-07-04 07:00:00,0.638,0.99,30.0,0.8612,0.35
2055-07-04 08:00:00,0.179,0.9885,30.0,0.8613,0.35
2055-07-04 09:00:00,0.789,0.99,30.0,0.8606,0.35
2055-07-04 10:00:00,0.481,0.99,30.0,0.8938,0.35
2055-07-04 11:00:00,0.321,0.9895,30.0,0.8651,0.35
2055-07-04 12:00:00,0.276,0.99,30.0,0.8986,0.35
2055-07-04 13:00:00,0.745,0.99,30.0,0.9069,0.35
2055-07-04 14:00:00,0.547,0.9891,38.21,0.8556,0.35
2055-07-04 15:00:00,0.259,0.99,48.03,0.8128,0.35
2055-07-04 16:00:00,0.167,0.99,37.29,0.8921,0.35
2055-07-04 17:00:00,0.192,0.99,35.58,0.8644,0.35
2055-07-04 18:00:00,0.393,0.9898,30.0,0.8537,0.35
2055-07-04 19:00:00,0.011,0.9868,30.0,0.8566,0.35
2055-07-04 20:00:00,0.071,0.9884,38.0,0.8615,0.35
2055-07-04 21:00:00,1.098,0.99,34.14,0.8971,0.35
2055-07-04 22:00:00,0.612,0.99,30.54,0.8744,0.35
2055-07-04 23:00:00,0.563,0.99,30.0,0.8969,0.35
2055-07-05 00:00:00,0.311,0.99,34.65,0.8811,0.35
2055-07-05 01:00:00,0.127,0.9879,30.0,0.8632,0.35
2055-07-05 02:00:00,0.36,0.9869,30.0,0.8607,0.35
2055-07-05 03:00:00,0.015,0.9851,30.0,0.8781,0.35
2055-07-05 04:00:00,0.278,0.9827,30.0,0.8811,0.35
2055-07-05 05:00:00,0.006,0.9793,32.2,0.8817,0.35
2055-07-05 06:00:00,0.188,0.9802,36.66,0.8573,0.35
2055-07-05 07:00:00,1.687,0.99,30.0,0.8747,0.35
2055-07-05 08:00:00,0.157,0.9873,39.95,0.8805,0.35
2055-07-05 09:00:00,0.47,0.99,30.0,0.8635,0.35
2055-07-05 10:00:00,0.206,0.99,35.25,0.8485,0.35
2055-07-05 11:00:00,0.016,0.99,32.66,0.8551,0.35
2055-07-05 12:00:00,0.002,0.9897,30.0,0.8661,0.35
2055-07-05 13:00:00,0.065,0.99,30.0,0.8844,0.35
2055-07-05 14:00:00,0.101,0.99,30.0,0.8964,0.35
2055-07-05 15:00:00,0.201,0.99,30.0,0.8441,0.35
2055-07-05 16:00:00,0.112,0.9866,30.0,0.8563,0.35
2055-07-05 17:00:00,0.302,0.9867,30.0,0.8611,0.35
2055-07-05 18:00:00,0.602,0.9887,30.0,0.886,0.35
2055-07-05 19:00:00,0.012,0.9868,30.0,0.8578,0.35
2055-07-05 20:00:00,0.059,0.9865,30.0,0.8596,0.35
2055-07-05 21:00:00,1.148,0.99,30.0,0.843,0.35
2055-07-05 22:00:00,0.517,0.99,30.0,0.8809,0.35
2055-07-05 23:00:00,0.073,0.9886,30.0,0.8667,0.35
2055-07-06 00:00:00,0.031,0.9858,30.0,0.8544,0.35
2055-07-06 01:00:00,0.771,0.99,40.77,0.866,0.35
2055-07-06 02:00:00,0.952,0.99,30.0,0.8937,0.35
2055-07-06 03:00:00,0.298,0.9882,30.56,0.8496,0.35
2055-07-06 04:00:00,0.311,0.9882,30.0,0.8528,0.35
2055-07-06 05:00:00,0.036,0.9835,31.98,0.8905,0.35
2055-07-06 06:00:00,0.27,0.9836,33.76,0.8671,0.35
2055-07-06 07:00:00,0.322,0.9837,30.2,0.879,0.35
2055-07-06 08:00:00,1.107,0.9877,30.98,0.8772,0.35
2055-07-06 09:00:00,0.076,0.9898,30.0,0.8703,0.35
2055-07-06 10:00:00,0.171,0.987,31.11,0.8616,0.35
2055-07-06 11:00:00,0.259,0.9885,30.0,0.8865,0.35
2055-07-06 12:00:00,0.074,0.99,31.84,0.8944,0.35
2055-07-06 13:00:00,0.616,0.99,30.06,0.8929,0.35
2055-07-06 14:00:00,0.139,0.9893,30.0,0.8468,0.35
2055-07-06 15:00:00,0.137,0.9863,30.0,0.8941,0.35
2055-07-06 16:00:00,0.627,0.9859,30.0,0.8604,0.35
2055-07-06 17:00:00,0.04,0.9838,34.88,0.8506,0.35
2055-07-06 18:00:00,0.312,0.9828,51.58,0.8615,0.35
2055-07-06 19:00:00,0.142,0.9807,54.09,0.8796,0.35
2055-07-06 20:00:00,0.203,0.9798,45.8,0.873,0.35
2055-07-06 21:00:00,0.264,0.9796,45.66,0.857,0.35
2055-07-06 22:00:00,0.525,0.9823,46.44,0.8811,0.35
2055-07-06 23:00:00,0.379,0.9805,37.2,0.8657,0.35
2055-07-07 00:00:00,68.875,0.99,198.1,0.8597,0.35
2055-07-07 01:00:00,80.82,0.99,379.96,0.857,0.35
2055-07-07 02:00:00,75.979,0.99,536.76,0.8794,0.35
2055-07-07 03:00:00,73.661,0.99,657.56,0.8695,0.35
2055-07-07 04:00:00,80.232,0.99,788.06,0.8437,0.35
2055-07-07 05:00:00,91.98,0.99,942.64,0.8881,0.35
2055-07-07 06:00:00,102.763,0.99,1105.53,0.8616,0.35
2055-07-07 07:00:00,106.967,0.99,1270.89,0.903,0.35
2055-07-07 08:00:00,62.745,0.99,1292.2,0.8431,0.35
2055-07-07 09:00:00,111.025,0.99,1454.66,0.8676,0.35
2055-07-07 10:00:00,79.153,0.99,1497.85,0.8572,0.35
2055-07-07 11:00:00,70.513,0.99,1512.17,0.8517,0.35
2055-07-07 12:00:00,56.538,0.99,1501.94,0.8615,0.35
2055-07-07 13:00:00,32.968,0.99,1427.36,0.9066,0.35
2055-07-07 14:00:00,89.851,0.99,1509.02,0.8741,0.35
2055-07-07 15:00:00,88.847,0.99,1579.79,0.8554,0.35
2055-07-07 16:00:00,65.916,0.99,1585.43,0.8346,0.35
2055-07-07 17:00:00,66.358,0.99,1587.73,0.8368,0.35
2055-07-07 18:00:00,75.011,0.99,1619.08,0.8605,0.35
2055-07-07 19:00:00,70.137,0.99,1630.61,0.8585,0.35
2055-07-07 20:00:00,60.852,0.99,1626.3,0.8667,0.35
2055-07-07 21:00:00,54.913,0.99,1599.87,0.8258,0.35
2055-07-07 22:00:00,111.802,0.99,1713.6,0.8694,0.35
2055-07-07 23:00:00,67.629,0.99,1701.19,0.8918,0.35
2055-07-08 00:00:00,88.594,0.99,1751.52,0.9037,0.35
2055-07-08 01:00:00,95.694,0.99,1807.99,0.8333,0.35
2055-07-08 02:00:00,90.426,0.99,1845.16,0.8552,0.35
2055-07-08 03:00:00,95.875,0.99,1903.49,0.8541,0.35
2055-07-08 04:00:00,89.465,0.99,1926.14,0.8741,0.35
2055-07-08 05:00:00,64.179,0.99,1902.45,0.8468,0.35
2055-07-08 06:00:00,71.245,0.99,1891.27,0.9048,0.35
2055-07-08 07:00:00,109.788,0.99,1976.35,0.8721,0.35
2055-07-08 08:00:00,67.049,0.99,1940.13,0.8687,0.35
2055-07-08 09:00:00,78.558,0.99,1947.1,0.9031,0.35
2055-07-08 10:00:00,91.885,0.99,1982.08,0.8709,0.35
2055-07-08 11:00:00,122.485,0.99,2085.97,0.8792,0.35
2055-07-08 12:00:00,106.998,0.99,2146.07,0.8562,0.35
2055-07-08 13:00:00,58.228,0.99,2066.93,0.8438,0.35
2055-07-08 14:00:00,87.637,0.99,2069.52,0.859,0.35
2055-07-08 15:00:00,85.164,0.99,2068.76,0.9149,0.35
2055-07-08 16:00:00,72.186,0.99,2044.44,0.8839,0.35
2055-07-08 17:00:00,79.145,0.99,2037.84,0.8767,0.35
2055-07-08 18:00:00,63.497,0.99,1999.09,0.8517,0.35
2055-07-08 19:00:00,75.265,0.99,1981.83,0.8894,0.35
2055-07-08 20:00:00,66.938,0.99,1954.44,0.844,0.35
2055-07-08 21:00:00,81.072,0.99,1960.99,0.8399,0.35
2055-07-08 22:00:00,70.961,0.99,1936.64,0.86,0.35
2055-07-08 23:00:00,125.706,0.99,2059.55,0.9103,0.35
2055-07-09 00:00:00,0.249,0.99,1853.82,0.9092,0.35
2055-07-09 01:00:00,0.23,0.989,1665.24,0.8613,0.35
2055-07-09 02:00:00,0.47,0.99,1500.14,0.8577,0.35
2055-07-09 03:00:00,0.526,0.9889,1350.67,0.8375,0.35
2055-07-09 04:00:00,0.664,0.99,1216.34,0.8728,0.35
2055-07-09 05:00:00,0.277,0.99,1092.92,0.8744,0.35
2055-07-09 06:00:00,0.071,0.9898,975.98,0.8868,0.35
2055-07-09 07:00:00,0.358,0.99,879.72,0.8894,0.35
2055-07-09 08:00:00,0.54,0.99,788.29,0.8673,0.35
2055-07-09 09:00:00,1.406,0.99,706.85,0.8823,0.35
2055-07-09 10:00:00,0.279,0.9898,635.42,0.8571,0.35
2055-07-09 11:00:00,0.173,0.9888,576.71,0.8809,0.35
2055-07-09 12:00:00,0.898,0.99,522.4,0.8611,0.35
2055-07-09 13:00:00,0.019,0.9891,467.02,0.8796,0.35
2055-07-09 14:00:00,0.186,0.9895,417.36,0.8783,0.35
2055-07-09 15:00:00,0.377,0.99,380.38,0.8726,0.35
2055-07-09 16:00:00,0.139,0.987,328.31,0.8844,0.35
2055-07-09 17:00:00,0.794,0.9882,302.24,0.8382,0.35
2055-07-09 18:00:00,0.383,0.9898,261.73,0.8498,0.35
2055-07-09 19:00:00,1.51,0.99,230.84,0.8658,0.35
2055-07-09 20:00:00,0.239,0.99,205.27,0.8423,0.35
2055-07-09 21:00:00,0.09,0.9882,197.99,0.8615,0.35
2055-07-09 22:00:00,0.828,0.99,190.32,0.8637,0.35
2055-07-09 23:00:00,0.261,0.9878,176.18,0.8955,0.35
2055-07-10 00:00:00,0.621,0.99,162.26,0.8741,0.35
2055-07-10 01:00:00,0.285,0.99,135.57,0.8918,0.35
2055-07-10 02:00:00,0.054,0.9875,123.09,0.875,0.35
2055-07-10 03:00:00,0.052,0.986,107.62,0.8569,0.35
2055-07-10 04:00:00,0.161,0.9844,92.36,0.8689,0.35
2055-07-10 05:00:00,0.052,0.9858,84.18,0.8821,0.35
2055-07-10 06:00:00,0.03,0.9841,73.01,0.8899,0.35
2055-07-10 07:00:00,1.198,0.99,73.92,0.8686,0.35
2055-07-10 08:00:00,0.102,0.99,55.17,0.8382,0.35
2055-07-10 09:00:00,0.325,0.989,50.91,0.8359,0.35
2055-07-10 10:00:00,0.013,0.9879,40.58,0.8629,0.35
2055-07-10 11:00:00,0.21,0.9882,34.59,0.8229,0.35
2055-07-10 12:00:00,0.103,0.9843,33.22,0.902,0.35
2055-07-10 13:00:00,0.221,0.9846,30.0,0.8784,0.35
2055-07-10 14:00:00,0.81,0.9879,30.01,0.8566,0.35
2055-07-10 15:00:00,0.161,0.9876,30.0,0.8469,0.35
2055-07-10 16:00:00,0.46,0.9889,30.0,0.8908,0.35
2055-07-10 17:00:00,0.128,0.9887,30.0,0.8478,0.35
2055-07-10 18:00:00,0.494,0.99,30.0,0.8508,0.35
2055-07-10 19:00:00,0.061,0.9865,30.0,0.8528,0.35
2055-07-10 20:00:00,0.479,0.9872,30.0,0.871,0.35
2055-07-10 21:00:00,0.532,0.99,30.0,0.8836,0.35
2055-07-10 22:00:00,0.019,0.9896,30.0,0.8947,0.35
2055-07-10 23:00:00,0.013,0.9891,36.57,0.8913,0.35
2055-07-11 00:00:00,0.401,0.99,36.41,0.8712,0.35
2055-07-11 01:00:00,0.161,0.99,30.87,0.8916,0.35
2055-07-11 02:00:00,0.798,0.99,30.66,0.8578,0.35
2055-07-11 03:00:00,1.943,0.99,30.0,0.8348,0.35
2055-07-11 04:00:00,0.31,0.9884,30.0,0.8563,0.35
2055-07-11 05:00:00,0.378,0.9885,30.0,0.8538,0.35
2055-07-11 06:00:00,0.129,0.9892,30.0,0.8579,0.35
2055-07-11 07:00:00,1.379,0.99,32.77,0.852,0.35
2055-07-11 08:00:00,0.383,0.99,30.0,0.862,0.35
2055-07-11 09:00:00,0.279,0.9897,30.0,0.8834,0.35
2055-07-11 10:00:00,0.255,0.989,30.0,0.9046,0.35
2055-07-11 11:00:00,0.035,0.9874,44.84,0.8344,0.35
2055-07-11 12:00:00,0.447,0.99,37.5,0.8454,0.35
2055-07-11 13:00:00,0.074,0.99,30.0,0.8554,0.35
2055-07-11 14:00:00,0.08,0.987,30.0,0.8838,0.35
2055-07-11 15:00:00,0.472,0.9898,32.74,0.8669,0.35
2055-07-11 16:00:00,0.028,0.9872,37.55,0.8542,0.35
2055-07-11 17:00:00,0.296,0.9884,30.44,0.8841,0.35
2055-07-11 18:00:00,0.356,0.9887,35.96,0.8891,0.35
2055-07-11 19:00:00,0.034,0.99,36.9,0.8708,0.35
2055-07-11 20:00:00,0.126,0.9884,32.39,0.8535,0.35
2055-07-11 21:00:00,0.592,0.99,30.0,0.8766,0.35
2055-07-11 22:00:00,0.333,0.99,30.0,0.8665,0.35
2055-07-11 23:00:00,0.186,0.9879,32.73,0.8645,0.35
2055-07-12 00:00:00,0.095,0.9868,32.08,0.8581,0.35
2055-07-12 01:00:00,0.35,0.9869,30.0,0.8869,0.35
2055-07-12 02:00:00,0.165,0.9853,30.0,0.8721,0.35
2055-07-12 03:00:00,0.244,0.9844,39.5,0.887,0.35
2055-07-12 04:00:00,0.431,0.9877,38.13,0.8959,0.35
2055-07-12 05:00:00,0.77,0.9896,41.46,0.8801,0.35
2055-07-12 06:00:00,1.568,0.99,44.48,0.8611,0.35
2055-07-12 07:00:00,0.56,0.99,43.07,0.892,0.35
2055-07-12 08:00:00,0.443,0.9884,40.52,0.8791,0.35
2055-07-12 09:00:00,1.536,0.99,45.69,0.9233,0.35
2055-07-12 10:00:00,0.136,0.9865,45.78,0.8743,0.35
2055-07-12 11:00:00,0.287,0.988,43.5,0.8834,0.35
2055-07-12 12:00:00,0.257,0.987,35.63,0.8744,0.35
2055-07-12 13:00:00,0.409,0.988,35.4,0.8674,0.35
2055-07-12 14:00:00,0.451,0.9866,32.59,0.863,0.35
2055-07-12 15:00:00,1.258,0.99,30.62,0.8771,0.35
2055-07-12 16:00:00,0.079,0.99,43.83,0.8816,0.35
2055-07-12 17:00:00,0.32,0.9888,31.01,0.8932,0.35
2055-07-12 18:00:00,0.187,0.9872,34.13,0.8749,0.35
2055-07-12 19:00:00,0.078,0.9871,30.0,0.8594,0.35
2055-07-12 20:00:00,0.066,0.9869,30.0,0.862,0.35
2055-07-12 21:00:00,0.152,0.9815,42.79,0.8372,0.35
2055-07-12 22:00:00,0.167,0.985,33.15,0.9,0.35
2055-07-12 23:00:00,0.92,0.99,30.0,0.8604,0.35
2055-07-13 00:00:00,0.188,0.99,30.0,0.8905,0.35
2055-07-13 01:00:00,0.346,0.99,30.0,0.8767,0.35
2055-07-13 02:00:00,0.428,0.9874,33.38,0.875,0.35
2055-07-13 03:00:00,0.367,0.9894,30.0,0.8683,0.35
2055-07-13 04:00:00,0.22,0.9881,31.47,0.8538,0.35
2055-07-13 05:00:00,0.948,0.99,30.0,0.8518,0.35
2055-07-13 06:00:00,0.848,0.99,30.0,0.9058,0.35
2055-07-13 07:00:00,0.317,0.99,30.0,0.8735,0.35
2055-07-13 08:00:00,0.035,0.9872,30.0,0.8912,0.35
2055-07-13 09:00:00,0.229,0.9888,36.68,0.8978,0.35
2055-07-13 10:00:00,0.158,0.9858,30.0,0.8593,0.35
2055-07-13 11:00:00,0.287,0.99,30.0,0.8797,0.35
2055-07-13 12:00:00,0.237,0.99,30.07,0.8721,0.35
2055-07-13 13:00:00,0.301,0.99,30.0,0.8481,0.35
2055-07-13 14:00:00,0.415,0.99,30.0,0.8675,0.35
2055-07-13 15:00:00,0.447,0.99,40.36,0.883,0.35
2055-07-13 16:00:00,0.424,0.99,31.37,0.8612,0.35
2055-07-13 17:00:00,0.533,0.99,30.0,0.8647,0.35
2055-07-13 18:00:00,0.636,0.9892,30.0,0.867,0.35
2055-07-13 19:00:00,0.225,0.99,31.82,0.9134,0.35
2055-07-13 20:00:00,1.086,0.99,34.13,0.8345,0.35
2055-07-13 21:00:00,1.297,0.99,30.0,0.8812,0.35
2055-07-13 22:00:00,0.139,0.9869,30.0,0.8634,0.35
2055-07-13 23:00:00,0.922,0.9897,30.0,0.8582,0.35
2055-07-14 00:00:00,0.424,0.9871,32.55,0.8631,0.35
2055-07-14 01:00:00,0.372,0.9898,30.0,0.8843,0.35
2055-07-14 02:00:00,0.081,0.9855,39.31,0.8818,0.35
2055-07-14 03:00:00,0.362,0.9868,31.73,0.8721,0.35
2055-07-14 04:00:00,0.226,0.985,30.0,0.8886,0.35
2055-07-14 05:00:00,2.139,0.99,30.0,0.8966,0.35
2055-07-14 06:00:00,0.676,0.99,30.0,0.8875,0.35
2055-07-14 07:00:00,0.315,0.9897,30.0,0.86,0.35
2055-07-14 08:00:00,0.673,0.99,30.0,0.8811,0.35
2055-07-14 09:00:00,0.253,0.9875,30.0,0.879,0.35
2055-07-14 10:00:00,0.036,0.9847,30.0,0.8502,0.35
2055-07-14 11:00:00,0.964,0.9842,33.58,0.8347,0.35
2055-07-14 12:00:00,0.359,0.9805,30.0,0.8224,0.35
2055-07-14 13:00:00,0.159,0.9835,30.0,0.8669,0.35
2055-07-14 14:00:00,0.49,0.9891,30.0,0.8764,0.35
2055-07-14 15:00:00,0.838,0.99,35.05,0.8476,0.35
2055-07-14 16:00:00,0.617,0.99,34.38,0.8921,0.35
2055-07-14 17:00:00,0.219,0.9892,30.89,0.8736,0.35
2055-07-14 18:00:00,0.038,0.9897,30.0,0.8979,0.35
2055-07-14 19:00:00,0.821,0.99,30.0,0.8786,0.35
2055-07-14 20:00:00,0.274,0.99,30.0,0.8499,0.35
2055-07-14 21:00:00,0.014,0.9886,34.88,0.8791,0.35
2055-07-14 22:00:00,0.077,0.9864,34.76,0.8814,0.35
2055-07-14 23:00:00,0.021,0.984,30.0,0.8549,0.35
2055-07-15 00:00:00,0.464,0.9858,30.0,0.8387,0.35
2055-07-15 01:00:00,0.892,0.9877,30.0,0.8712,0.35
2055-07-15 02:00:00,0.528,0.99,30.0,0.8512,0.35
2055-07-15 03:00:00,0.09,0.9881,30.0,0.8919,0.35
2055-07-15 04:00:00,1.071,0.99,30.0,0.8631,0.35
2055-07-15 05:00:00,0.081,0.99,39.69,0.9057,0.35
2055-07-15 06:00:00,0.768,0.99,45.14,0.8287,0.35
2055-07-15 07:00:00,0.345,0.99,49.35,0.8739,0.35
2055-07-15 08:00:00,0.001,0.9849,48.44,0.8953,0.35
2055-07-15 09:00:00,0.093,0.983,41.3,0.8473,0.35
2055-07-15 10:00:00,0.046,0.9819,40.87,0.8609,0.35
2055-07-15 11:00:00,0.349,0.9863,35.56,0.8599,0.35
2055-07-15 12:00:00,0.588,0.9844,43.26,0.8526,0.35
2055-07-15 13:00:00,0.451,0.9854,42.48,0.8721,0.35
2055-07-15 14:00:00,0.837,0.99,41.9,0.8453,0.35
2055-07-15 15:00:00,0.431,0.9895,39.55,0.8686,0.35
2055-07-15 16:00:00,0.08,0.9881,46.24,0.8798,0.35
2055-07-15 17:00:00,0.52,0.99,34.31,0.8669,0.35
2055-07-15 18:00:00,0.369,0.99,42.83,0.8512,0.35
2055-07-15 19:00:00,0.26,0.99,38.08,0.8918,0.35
2055-07-15 20:00:00,0.787,0.99,30.0,0.8858,0.35
2055-07-15 21:00:00,1.781,0.99,30.0,0.8504,0.35
2055-07-15 22:00:00,0.194,0.9889,30.0,0.8444,0.35
2055-07-15 23:00:00,0.29,0.9877,31.65,0.8501,0.35
